word1,word2,similarity
aber,zwar,0.8759921789169312
dass,daß,0.8701056241989136
jetzt,nun,0.8677281141281128
könnte,würde,0.8628271818161011
hab,habe,0.8582180738449097
