word1,word2,similarity
أمس,تِي,-0.2866564393043518
تِي,لاسيما,-0.2814510762691498
الآن,تِي,-0.26214855909347534
تِي,كثيرا,-0.2556905150413513
تِي,خاصة,-0.24890068173408508
