word1,word2,similarity
habidos,un,-0.19256281852722168
es,estadas,-0.19118046760559082
estadas,mí,-0.1827961802482605
estadas,lo,-0.15270379185676575
estadas,sí,-0.15228906273841858
