word1,word2,similarity
أغسطس,يوليو,0.9638174176216125
أربعة,ثلاثة,0.9631011486053467
ديسمبر,نوفمبر,0.959130048751831
يوليو,يونيو,0.9569982290267944
أكتوبر,نوفمبر,0.9544219970703125
