word1,word2,similarity
couldn't,wouldn't,0.9371388554573059
shouldn't,wouldn't,0.9305940866470337
couldn't,didn't,0.9058834314346313
couldn't,shouldn't,0.8941245079040527
didn't,wouldn't,0.8894819021224976
