word1,word2,similarity
eurent,je,-0.08007211238145828
s,serons,-0.04670179262757301
ayants,j,-0.03543916344642639
ayants,m,-0.032469797879457474
dans,m,-0.03180423006415367
