,arabic,french,spanish,german,italian
arabic,1.0,0.10743801652892562,0.11904761904761904,0.15012722646310434,0.13535911602209943
french,0.10743801652892562,1.0,0.33064516129032256,0.25161290322580643,0.36607142857142855
spanish,0.11904761904761904,0.33064516129032256,1.0,0.4144736842105263,0.4032258064516129
german,0.15012722646310434,0.25161290322580643,0.4144736842105263,1.0,0.32679738562091504
italian,0.13535911602209943,0.36607142857142855,0.4032258064516129,0.32679738562091504,1.0
