word1,word2,similarity
fu,starebbero,-0.1535315215587616
fu,stanno,-0.14634016156196594
al,stesti,-0.13765646517276764
il,stesti,-0.13402777910232544
fu,stiamo,-0.13235069811344147
