word1,word2,similarity
keiner,um,-0.11371456831693649
keines,um,-0.10545548796653748
keinem,um,-0.09310220181941986
er,unseres,-0.09120416641235352
im,keines,-0.0843895748257637
