word1,word2,similarity
below,she's,-0.10252224653959274
between,haven't,-0.10214292258024216
below,he's,-0.0999288484454155
by,hasn,-0.0979975238442421
ours,you'll,-0.08590111881494522
