word1,word2,similarity
stava,stavano,0.8900214433670044
stia,stiano,0.8871484994888306
abbiamo,avevamo,0.8830173015594482
starebbe,starebbero,0.8776154518127441
faceva,facevano,0.8741621971130371
