corpus,total_support,pos,neu,neg
Gutenberg,769893,0.45422156065842917,0.25469383407824203,0.2910846052633288
WebText,113321,0.33173904218988537,0.35403852772213446,0.3142224300879802
NPS_Chat,1392,1.0,0.0,0.0
