Measure,Overlap,TopN,Ratio,Ratio %
Frequency,91,198,0.4595959595959596,45.96
IDF,0,198,0.0,0.0
TF-IDF,92,198,0.46464646464646464,46.46
Entropy,91,198,0.4595959595959596,45.96
Info_Content,91,198,0.4595959595959596,45.96
Info_Gain,40,198,0.20202020202020202,20.2
KL_Divergence,91,198,0.4595959595959596,45.96
