word1,word2,similarity
aurai,aurais,0.924893856048584
serai,serais,0.9141439199447632
avaient,ont,0.882780909538269
auraient,avaient,0.8735167980194092
auriez,aviez,0.8697364926338196
