word1,word2,similarity
hubiera,hubiese,0.9798074960708618
hubieran,hubiesen,0.9734493494033813
fueran,fuesen,0.965417742729187
tuviera,tuviese,0.9645711779594421
hubiéramos,hubiésemos,0.9638853073120117
