POS,Count,Proportion
ADP,279635,0.22006564942326565
DET,240975,0.18964121039845314
PRON,211393,0.16636092702462996
VERB,142201,0.11190857873169595
CONJ,126453,0.09951530232810704
OTHER,68556,0.05395183243106692
ADV,67912,0.05344502077219524
PART,56564,0.044514432721145775
NOUN,34726,0.027328480847792026
ADJ,26889,0.02116096070714392
MODAL,15381,0.012104456716002106
NUM,2,1.573949251154295e-06
INTJ,2,1.573949251154295e-06
